{
"lengthUnit": "mil",
"remark": [],
"components": {
	"fields": ["COMPONENT_NO", "COMPONENT_NAME", "LAYER", "X_COORDINATE", "Y_COORDINATE", "ANGLE"],
	"rows": [
		[1, "BAT", "B", -551.18, 0, 90],
		[2, "C1", "T", 615, 515, 0],
		[3, "D1", "T", -260, 330, 90],
		[4, "D2", "T", -380, 75, 180],
		[5, "D3", "T", 380, 315, 180],
		[6, "D4", "T", 380, 75, 180],
		[7, "PROG", "B", 0, 846.455, 180],
		[8, "Q1", "T", -90, 75, 180],
		[9, "Q2", "T", 125, 75, 90],
		[10, "Q3", "T", -100, 270, 0],
		[11, "R1", "T", 430, -455, 230],
		[12, "R2", "T", -465, -415, 310],
		[13, "R3", "T", -360, -520, 130],
		[14, "R4", "T", 360, -740, 140],
		[15, "R5", "T", 70, 270, 90],
		[16, "R6", "T", 175, 270, 270],
		[17, "R7", "T", 390, 195, 0],
		[18, "R8", "T", 395, 425, 0],
		[19, "R9", "T", -40, 450, 0],
		[20, "R10", "T", -405, 330, 270],
		[21, "R11", "T", -270, -50, 0],
		[22, "RST_MEM", "T", -10, -860, 180],
		[23, "SW1", "T", 728.345, 0, 90],
		[24, "U1", "T", -670, -135, 90],
		[25, "U2", "T", 245, -790, 270],
		[26, "U3", "T", -510, -305, 0],
		[27, "U4", "T", -670, 205, 90],
		[28, "U5", "T", 570.865, -511.81, 320],
		[29, "U6", "T", -570, -510, 40],
		[30, "PAD1", "B", -551.18, -450.79, 0],
		[31, "PAD2", "B", -551.18, 450.79, 0],
		[32, "PAD3", "B", -551.18, 0, 0],
		[33, "PAD4", "T", 150, 846.455, 0],
		[34, "PAD4", "B", 150, 846.455, 0],
		[35, "PAD5", "T", 50, 846.455, 0],
		[36, "PAD5", "B", 50, 846.455, 0],
		[37, "PAD6", "T", -50, 846.455, 0],
		[38, "PAD6", "B", -50, 846.455, 0],
		[39, "PAD7", "T", -150, 846.455, 0],
		[40, "PAD7", "B", -150, 846.455, 0],
		[41, "PAD8", "T", 643.95, 515.04, 0],
		[42, "PAD8", "B", 643.95, 515.04, 0],
		[43, "PAD9", "T", 584.85, 515.04, 0],
		[44, "PAD9", "B", 584.85, 515.04, 0],
		[45, "PAD10", "T", -260, 396.93, 0],
		[46, "PAD11", "T", -260, 263.07, 0],
		[47, "PAD12", "T", -446.93, 75, 0],
		[48, "PAD13", "T", -313.07, 75, 0],
		[49, "PAD14", "T", 313.07, 315, 0],
		[50, "PAD15", "T", 446.93, 315, 0],
		[51, "PAD16", "T", 313.07, 75, 0],
		[52, "PAD17", "T", 446.93, 75, 0],
		[53, "PAD18", "T", -138.625, 112.4, 0],
		[54, "PAD19", "T", -138.625, 37.6, 0],
		[55, "PAD20", "T", -41.375, 75, 0],
		[56, "PAD21", "T", 162.4, 123.625, 0],
		[57, "PAD22", "T", 87.6, 123.625, 0],
		[58, "PAD23", "T", 125, 26.375, 0],
		[59, "PAD24", "T", -51.375, 232.6, 0],
		[60, "PAD25", "T", -51.375, 307.4, 0],
		[61, "PAD26", "T", -148.625, 270, 0],
		[62, "PAD27", "T", 410.935, -477.721, 0],
		[63, "PAD28", "T", 449.065, -432.279, 0],
		[64, "PAD29", "T", -445.9348, -437.7208, 0],
		[65, "PAD30", "T", -484.0652, -392.2792, 0],
		[66, "PAD31", "T", -379.0652, -497.2792, 0],
		[67, "PAD32", "T", -340.9348, -542.7208, 0],
		[68, "PAD33", "T", 337.279, -720.935, 0],
		[69, "PAD34", "T", 382.721, -759.065, 0],
		[70, "PAD35", "T", 69.9999, 299.66, 0],
		[71, "PAD36", "T", 70.0001, 240.34, 0],
		[72, "PAD37", "T", 175.0001, 240.34, 0],
		[73, "PAD38", "T", 174.9999, 299.66, 0],
		[74, "PAD39", "T", 419.66, 195.0001, 0],
		[75, "PAD40", "T", 360.34, 194.9999, 0],
		[76, "PAD41", "T", 424.66, 425.0001, 0],
		[77, "PAD42", "T", 365.34, 424.9999, 0],
		[78, "PAD43", "T", -10.34, 450.0001, 0],
		[79, "PAD44", "T", -69.66, 449.9999, 0],
		[80, "PAD45", "T", -404.9999, 300.34, 0],
		[81, "PAD46", "T", -405.0001, 359.66, 0],
		[82, "PAD47", "T", -240.34, -49.9999, 0],
		[83, "PAD48", "T", -299.66, -50.0001, 0],
		[84, "PAD49", "T", 639.765, 120.08, 0],
		[85, "PAD49", "B", 639.765, 120.08, 0],
		[86, "PAD50", "T", 816.925, 120.08, 0],
		[87, "PAD50", "B", 816.925, 120.08, 0],
		[88, "PAD51", "T", -563.5, -210, 0],
		[89, "PAD52", "T", -563.5, -60, 0],
		[90, "PAD53", "T", -776.5, -210, 0],
		[91, "PAD54", "T", -776.5, -110, 0],
		[92, "PAD55", "T", 240, -445, 0],
		[93, "PAD55", "B", 240, -445, 0],
		[94, "PAD56", "T", 145, -445, 0],
		[95, "PAD56", "B", 145, -445, 0],
		[96, "PAD57", "T", 45.28, -445, 0],
		[97, "PAD57", "B", 45.28, -445, 0],
		[98, "PAD58", "T", -53.15, -445, 0],
		[99, "PAD58", "B", -53.15, -445, 0],
		[100, "PAD59", "T", 150, 640, 0],
		[101, "PAD59", "B", 150, 640, 0],
		[102, "PAD60", "T", 50, 640, 0],
		[103, "PAD60", "B", 50, 640, 0],
		[104, "PAD61", "T", -50, 640, 0],
		[105, "PAD61", "B", -50, 640, 0],
		[106, "PAD62", "T", -150, 640, 0],
		[107, "PAD62", "B", -150, 640, 0],
		[108, "PAD63", "T", -560.978, 55, 0],
		[109, "PAD64", "T", -560.978, 105, 0],
		[110, "PAD65", "T", -560.978, 155, 0],
		[111, "PAD66", "T", -560.978, 205, 0],
		[112, "PAD67", "T", -560.978, 255, 0],
		[113, "PAD68", "T", -779.018, 55, 0],
		[114, "PAD69", "T", -779.018, 255, 0],
		[115, "PAD70", "T", -779.018, 305, 0],
		[116, "PAD71", "T", -779.018, 355, 0],
		[117, "PAD72", "T", 656.561, -331.895, 0],
		[118, "PAD73", "T", 733.165, -396.174, 0],
		[119, "PAD74", "T", 485.165, -691.729, 0],
		[120, "PAD75", "T", 408.561, -627.451, 0],
		[121, "PAD76", "T", -732.3007, -394.364, 0],
		[122, "PAD77", "T", -655.6961, -330.0857, 0],
		[123, "PAD78", "T", -407.696, -625.6406, 0],
		[124, "PAD79", "T", -484.2996, -689.9191, 0],
		[125, "PAD80", "T", 37.248, -860, 0],
		[126, "PAD81", "T", -57.242, -860, 0]
	]
},
"pins": {
	"fields": ["PIN_NO", "PIN_NAME", "PIN_X", "PIN_Y", "LAYER", "PIN_TYPE", "NET_NAME", "NET_TYPE", "PAD_SHAPE", "PAD_SIZEX", "PAD_SIZEY", "HOLE_SIZE", "HOLE_LEN", "PAD_ANGLE"],
	"rows": [
		[1, "BAT_1", -551.18, -450.79, "B", "SMD", "RAW", "", "P", 236.22, 98.43, 0, 0, 270],
		[2, "BAT_1", -551.18, 450.79, "B", "SMD", "RAW", "", "P", 236.22, 98.43, 0, 0, 270],
		[3, "BAT_2", -551.18, 0, "B", "SMD", "GND", "GND", "C", 700.79, 700.79, 0, 0, 270],
		[4, "C1_1", 584.85, 515.04, "T", "DIP", "Q3_2", "", "C", 39.37, 39.37, 27.56, 27.56, 90],
		[5, "C1_1", 584.85, 515.04, "B", "DIP", "Q3_2", "", "C", 39.37, 39.37, 27.56, 27.56, 90],
		[6, "C1_2", 643.95, 515.04, "T", "DIP", "Q3_1", "", "C", 39.37, 39.37, 27.56, 27.56, 90],
		[7, "C1_2", 643.95, 515.04, "B", "DIP", "Q3_1", "", "C", 39.37, 39.37, 27.56, 27.56, 90],
		[8, "D1_1", -260, 263.07, "T", "SMD", "Q1_1", "", "R", 47.244, 37.402, 0, 0, 90],
		[9, "D1_2", -260, 396.93, "T", "SMD", "R9_1", "", "R", 47.244, 37.402, 0, 0, 90],
		[10, "D2_1", -313.07, 75, "T", "SMD", "R11_1", "", "R", 47.244, 37.402, 0, 0, 180],
		[11, "D2_2", -446.93, 75, "T", "SMD", "PWR_CTL", "", "R", 47.244, 37.402, 0, 0, 180],
		[12, "D3_1", 446.93, 315, "T", "SMD", "R7_2", "", "R", 47.244, 37.402, 0, 0, 180],
		[13, "D3_2", 313.07, 315, "T", "SMD", "RAW_BTN", "", "R", 47.244, 37.402, 0, 0, 180],
		[14, "D4_1", 446.93, 75, "T", "SMD", "R7_2", "", "R", 47.244, 37.402, 0, 0, 180],
		[15, "D4_2", 313.07, 75, "T", "SMD", "PWR_PULSE", "", "R", 47.244, 37.402, 0, 0, 180],
		[16, "PROG_1", 150, 846.455, "T", "DIP", "UDPI_1614", "", "R", 62, 62, 35, 35, 0],
		[17, "PROG_1", 150, 846.455, "B", "DIP", "UDPI_1614", "", "R", 62, 62, 35, 35, 0],
		[18, "PROG_2", 50, 846.455, "T", "DIP", "UDPI_412", "", "C", 62, 62, 35, 35, 0],
		[19, "PROG_2", 50, 846.455, "B", "DIP", "UDPI_412", "", "C", 62, 62, 35, 35, 0],
		[20, "PROG_3", -50, 846.455, "T", "DIP", "GND", "GND", "C", 62, 62, 35, 35, 0],
		[21, "PROG_3", -50, 846.455, "B", "DIP", "GND", "GND", "C", 62, 62, 35, 35, 0],
		[22, "PROG_4", -150, 846.455, "T", "DIP", "RAW", "", "C", 62, 62, 35, 35, 0],
		[23, "PROG_4", -150, 846.455, "B", "DIP", "RAW", "", "C", 62, 62, 35, 35, 0],
		[24, "Q1_1", -138.625, 112.4, "T", "SMD", "Q1_1", "", "R", 42.126, 23.622, 0, 0, 180],
		[25, "Q1_2", -138.625, 37.6, "T", "SMD", "GND", "GND", "R", 42.126, 23.622, 0, 0, 180],
		[26, "Q1_3", -41.375, 75, "T", "SMD", "Q2_1", "", "R", 42.126, 23.622, 0, 0, 180],
		[27, "Q2_1", 162.4, 123.625, "T", "SMD", "Q2_1", "", "R", 42.126, 23.622, 0, 0, 90],
		[28, "Q2_2", 87.6, 123.625, "T", "SMD", "RAW", "", "R", 42.126, 23.622, 0, 0, 90],
		[29, "Q2_3", 125, 26.375, "T", "SMD", "VCC", "", "R", 42.126, 23.622, 0, 0, 90],
		[30, "Q3_1", -51.375, 232.6, "T", "SMD", "Q3_1", "", "R", 42.126, 23.622, 0, 0, 0],
		[31, "Q3_2", -51.375, 307.4, "T", "SMD", "Q3_2", "", "R", 42.126, 23.622, 0, 0, 0],
		[32, "Q3_3", -148.625, 270, "T", "SMD", "R5_1", "", "R", 42.126, 23.622, 0, 0, 0],
		[33, "R1_1", 449.065, -432.279, "T", "SMD", "BTN_IN", "", "R", 31.751, 34.016, 0, 0, 230],
		[34, "R1_2", 410.935, -477.721, "T", "SMD", "GND", "GND", "R", 31.751, 34.016, 0, 0, 230],
		[35, "R2_1", -484.0652, -392.2792, "T", "SMD", "PULSE_IN", "", "R", 31.751, 34.016, 0, 0, 310],
		[36, "R2_2", -445.9348, -437.7208, "T", "SMD", "GND", "GND", "R", 31.751, 34.016, 0, 0, 310],
		[37, "R3_1", -340.9348, -542.7208, "T", "SMD", "U6_2", "", "R", 31.751, 34.016, 0, 0, 130],
		[38, "R3_2", -379.0652, -497.2792, "T", "SMD", "GND", "GND", "R", 31.751, 34.016, 0, 0, 130],
		[39, "R4_1", 382.721, -759.065, "T", "SMD", "U5_2", "", "R", 31.751, 34.016, 0, 0, 140],
		[40, "R4_2", 337.279, -720.935, "T", "SMD", "GND", "GND", "R", 31.751, 34.016, 0, 0, 140],
		[41, "R5_1", 70.0001, 240.34, "T", "SMD", "R5_1", "", "R", 31.751, 34.016, 0, 0, 90],
		[42, "R5_2", 69.9999, 299.66, "T", "SMD", "RAW", "", "R", 31.751, 34.016, 0, 0, 90],
		[43, "R6_1", 174.9999, 299.66, "T", "SMD", "RAW", "", "R", 31.751, 34.016, 0, 0, 270],
		[44, "R6_2", 175.0001, 240.34, "T", "SMD", "Q2_1", "", "R", 31.751, 34.016, 0, 0, 270],
		[45, "R7_1", 360.34, 194.9999, "T", "SMD", "Q3_1", "", "R", 31.751, 34.016, 0, 0, 0],
		[46, "R7_2", 419.66, 195.0001, "T", "SMD", "R7_2", "", "R", 31.751, 34.016, 0, 0, 0],
		[47, "R8_1", 365.34, 424.9999, "T", "SMD", "GND", "GND", "R", 31.751, 34.016, 0, 0, 0],
		[48, "R8_2", 424.66, 425.0001, "T", "SMD", "Q3_2", "", "R", 31.751, 34.016, 0, 0, 0],
		[49, "R9_1", -69.66, 449.9999, "T", "SMD", "R9_1", "", "R", 31.751, 34.016, 0, 0, 0],
		[50, "R9_2", -10.34, 450.0001, "T", "SMD", "Q3_2", "", "R", 31.751, 34.016, 0, 0, 0],
		[51, "R10_1", -405.0001, 359.66, "T", "SMD", "GND", "GND", "R", 31.751, 34.016, 0, 0, 270],
		[52, "R10_2", -404.9999, 300.34, "T", "SMD", "Q1_1", "", "R", 31.751, 34.016, 0, 0, 270],
		[53, "R11_1", -299.66, -50.0001, "T", "SMD", "R11_1", "", "R", 31.751, 34.016, 0, 0, 0],
		[54, "R11_2", -240.34, -49.9999, "T", "SMD", "Q1_1", "", "R", 31.751, 34.016, 0, 0, 0],
		[55, "RST_MEM_1", 37.248, -860, "T", "SMD", "GND", "GND", "R", 59.055, 59.055, 0, 0, 180],
		[56, "RST_MEM_2", -57.242, -860, "T", "SMD", "U4_5", "", "R", 59.055, 59.055, 0, 0, 180],
		[57, "SW1_1", 639.765, -120.08, "T", "DIP", "NET_1", "", "C", 70.866, 70.866, 47.244, 47.244, 90],
		[58, "SW1_1", 639.765, -120.08, "B", "DIP", "NET_1", "", "C", 70.866, 70.866, 47.244, 47.244, 90],
		[59, "SW1_2", 639.765, 120.08, "T", "DIP", "RAW", "", "C", 70.866, 70.866, 47.244, 47.244, 90],
		[60, "SW1_2", 639.765, 120.08, "B", "DIP", "RAW", "", "C", 70.866, 70.866, 47.244, 47.244, 90],
		[61, "SW1_3", 816.925, -120.08, "T", "DIP", "NET_2", "", "C", 70.866, 70.866, 47.244, 47.244, 90],
		[62, "SW1_3", 816.925, -120.08, "B", "DIP", "NET_2", "", "C", 70.866, 70.866, 47.244, 47.244, 90],
		[63, "SW1_4", 816.925, 120.08, "T", "DIP", "RAW_BTN", "", "C", 70.866, 70.866, 47.244, 47.244, 90],
		[64, "SW1_4", 816.925, 120.08, "B", "DIP", "RAW_BTN", "", "C", 70.866, 70.866, 47.244, 47.244, 90],
		[65, "U1_1", -563.5, -210, "T", "SMD", "RAW", "", "O", 22.378, 76.78, 0, 0, 90],
		[66, "U1_2", -563.5, -160, "T", "SMD", "NET_3", "", "O", 22.378, 76.78, 0, 0, 90],
		[67, "U1_3", -563.5, -110, "T", "SMD", "NET_4", "", "O", 22.378, 76.78, 0, 0, 90],
		[68, "U1_4", -563.5, -60, "T", "SMD", "PWR_PULSE", "", "O", 22.378, 76.78, 0, 0, 90],
		[69, "U1_5", -776.5, -60, "T", "SMD", "NET_5", "", "O", 22.378, 76.78, 0, 0, 90],
		[70, "U1_6", -776.5, -110, "T", "SMD", "UDPI_412", "", "O", 22.378, 76.78, 0, 0, 90],
		[71, "U1_7", -776.5, -160, "T", "SMD", "NET_6", "", "O", 22.378, 76.78, 0, 0, 90],
		[72, "U1_8", -776.5, -210, "T", "SMD", "GND", "GND", "O", 22.378, 76.78, 0, 0, 90],
		[73, "U2_1", 240, -445, "T", "DIP", "VCC", "", "C", 59.055, 59.055, 39.37, 39.37, 270],
		[74, "U2_1", 240, -445, "B", "DIP", "VCC", "", "C", 59.055, 59.055, 39.37, 39.37, 270],
		[75, "U2_2", 145, -445, "T", "DIP", "GND", "GND", "C", 59.055, 59.055, 39.37, 39.37, 270],
		[76, "U2_2", 145, -445, "B", "DIP", "GND", "GND", "C", 59.055, 59.055, 39.37, 39.37, 270],
		[77, "U2_3", 45.28, -445, "T", "DIP", "SCL", "", "C", 59.055, 59.055, 39.37, 39.37, 270],
		[78, "U2_3", 45.28, -445, "B", "DIP", "SCL", "", "C", 59.055, 59.055, 39.37, 39.37, 270],
		[79, "U2_4", -53.15, -445, "T", "DIP", "SDA", "", "C", 59.055, 59.055, 39.37, 39.37, 270],
		[80, "U2_4", -53.15, -445, "B", "DIP", "SDA", "", "C", 59.055, 59.055, 39.37, 39.37, 270],
		[81, "U2_5", -151.57, -445, "T", "DIP", "NET_7", "", "C", 59.055, 59.055, 39.37, 39.37, 270],
		[82, "U2_5", -151.57, -445, "B", "DIP", "NET_7", "", "C", 59.055, 59.055, 39.37, 39.37, 270],
		[83, "U2_6", -250, -445, "T", "DIP", "NET_8", "", "C", 59.055, 59.055, 39.37, 39.37, 270],
		[84, "U2_6", -250, -445, "B", "DIP", "NET_8", "", "C", 59.055, 59.055, 39.37, 39.37, 270],
		[85, "U3_1", -150, 640, "T", "DIP", "GND", "GND", "O", 118.11, 70, 39.37, 39.37, 90],
		[86, "U3_1", -150, 640, "B", "DIP", "GND", "GND", "O", 118.11, 70, 39.37, 39.37, 90],
		[87, "U3_2", -50, 640, "T", "DIP", "VCC", "", "O", 118.11, 70, 39.37, 39.37, 90],
		[88, "U3_2", -50, 640, "B", "DIP", "VCC", "", "O", 118.11, 70, 39.37, 39.37, 90],
		[89, "U3_3", 50, 640, "T", "DIP", "SDA", "", "O", 118.11, 70, 39.37, 39.37, 90],
		[90, "U3_3", 50, 640, "B", "DIP", "SDA", "", "O", 118.11, 70, 39.37, 39.37, 90],
		[91, "U3_4", 150, 640, "T", "DIP", "SCL", "", "O", 118.11, 70, 39.37, 39.37, 90],
		[92, "U3_4", 150, 640, "B", "DIP", "SCL", "", "O", 118.11, 70, 39.37, 39.37, 90],
		[93, "U4_1", -560.978, 55, "T", "SMD", "VCC", "", "O", 22.598, 80.236, 0, 0, 90],
		[94, "U4_2", -560.978, 105, "T", "SMD", "BTN_IN", "", "O", 22.598, 80.236, 0, 0, 90],
		[95, "U4_3", -560.978, 155, "T", "SMD", "PULSE_IN", "", "O", 22.598, 80.236, 0, 0, 90],
		[96, "U4_4", -560.978, 205, "T", "SMD", "PWR_CTL", "", "O", 22.598, 80.236, 0, 0, 90],
		[97, "U4_5", -560.978, 255, "T", "SMD", "U4_5", "", "O", 22.598, 80.236, 0, 0, 90],
		[98, "U4_6", -560.978, 305, "T", "SMD", "NET_9", "", "O", 22.598, 80.236, 0, 0, 90],
		[99, "U4_7", -560.978, 355, "T", "SMD", "NET_10", "", "O", 22.598, 80.236, 0, 0, 90],
		[100, "U4_8", -779.018, 355, "T", "SMD", "SDA", "", "O", 22.598, 80.236, 0, 0, 90],
		[101, "U4_9", -779.018, 305, "T", "SMD", "SCL", "", "O", 22.598, 80.236, 0, 0, 90],
		[102, "U4_10", -779.018, 255, "T", "SMD", "UDPI_1614", "", "O", 22.598, 80.236, 0, 0, 90],
		[103, "U4_11", -779.018, 205, "T", "SMD", "NET_11", "", "O", 22.598, 80.236, 0, 0, 90],
		[104, "U4_12", -779.018, 155, "T", "SMD", "NET_12", "", "O", 22.598, 80.236, 0, 0, 90],
		[105, "U4_13", -779.018, 105, "T", "SMD", "NET_13", "", "O", 22.598, 80.236, 0, 0, 90],
		[106, "U4_14", -779.018, 55, "T", "SMD", "GND", "GND", "O", 22.598, 80.236, 0, 0, 90],
		[107, "U5_1", 408.561, -627.451, "T", "SMD", "RAW_BTN", "", "R", 70.866, 98.425, 0, 0, 320],
		[108, "U5_2", 485.165, -691.729, "T", "SMD", "U5_2", "", "R", 70.866, 98.425, 0, 0, 320],
		[109, "U5_3", 733.165, -396.174, "T", "SMD", "BTN_IN", "", "R", 70.866, 98.425, 0, 0, 320],
		[110, "U5_4", 656.561, -331.895, "T", "SMD", "VCC", "", "R", 70.866, 98.425, 0, 0, 320],
		[111, "U6_1", -484.2996, -689.9191, "T", "SMD", "PWR_PULSE", "", "R", 70.866, 98.425, 0, 0, 40],
		[112, "U6_2", -407.696, -625.6406, "T", "SMD", "U6_2", "", "R", 70.866, 98.425, 0, 0, 40],
		[113, "U6_3", -655.6961, -330.0857, "T", "SMD", "PULSE_IN", "", "R", 70.866, 98.425, 0, 0, 40],
		[114, "U6_4", -732.3007, -394.364, "T", "SMD", "VCC", "", "R", 70.866, 98.425, 0, 0, 40],
		[115, "PAD1_1", -551.18, -450.79, "B", "SMD", "RAW", "", "P", 236.22, 98.43, 0, 0, 270],
		[116, "PAD2_1", -551.18, 450.79, "B", "SMD", "RAW", "", "P", 236.22, 98.43, 0, 0, 270],
		[117, "PAD3_2", -551.18, 0, "B", "SMD", "GND", "GND", "C", 700.79, 700.79, 0, 0, 270],
		[118, "PAD4_1", 150, 846.455, "T", "DIP", "UDPI_1614", "", "R", 62, 62, 35, 35, 0],
		[119, "PAD4_1", 150, 846.455, "B", "DIP", "UDPI_1614", "", "R", 62, 62, 35, 35, 0],
		[120, "PAD5_2", 50, 846.455, "T", "DIP", "UDPI_412", "", "C", 62, 62, 35, 35, 0],
		[121, "PAD5_2", 50, 846.455, "B", "DIP", "UDPI_412", "", "C", 62, 62, 35, 35, 0],
		[122, "PAD6_3", -50, 846.455, "T", "DIP", "GND", "GND", "C", 62, 62, 35, 35, 0],
		[123, "PAD6_3", -50, 846.455, "B", "DIP", "GND", "GND", "C", 62, 62, 35, 35, 0],
		[124, "PAD7_4", -150, 846.455, "T", "DIP", "RAW", "", "C", 62, 62, 35, 35, 0],
		[125, "PAD7_4", -150, 846.455, "B", "DIP", "RAW", "", "C", 62, 62, 35, 35, 0],
		[126, "PAD8_2", 643.95, 515.04, "T", "DIP", "Q3_1", "", "C", 39.37, 39.37, 27.56, 27.56, 90],
		[127, "PAD8_2", 643.95, 515.04, "B", "DIP", "Q3_1", "", "C", 39.37, 39.37, 27.56, 27.56, 90],
		[128, "PAD9_1", 584.85, 515.04, "T", "DIP", "Q3_2", "", "C", 39.37, 39.37, 27.56, 27.56, 90],
		[129, "PAD9_1", 584.85, 515.04, "B", "DIP", "Q3_2", "", "C", 39.37, 39.37, 27.56, 27.56, 90],
		[130, "PAD10_2", -260, 396.93, "T", "SMD", "R9_1", "", "R", 47.244, 37.402, 0, 0, 90],
		[131, "PAD11_1", -260, 263.07, "T", "SMD", "Q1_1", "", "R", 47.244, 37.402, 0, 0, 90],
		[132, "PAD12_2", -446.93, 75, "T", "SMD", "PWR_CTL", "", "R", 47.244, 37.402, 0, 0, 180],
		[133, "PAD13_1", -313.07, 75, "T", "SMD", "R11_1", "", "R", 47.244, 37.402, 0, 0, 180],
		[134, "PAD14_2", 313.07, 315, "T", "SMD", "RAW_BTN", "", "R", 47.244, 37.402, 0, 0, 180],
		[135, "PAD15_1", 446.93, 315, "T", "SMD", "R7_2", "", "R", 47.244, 37.402, 0, 0, 180],
		[136, "PAD16_2", 313.07, 75, "T", "SMD", "PWR_PULSE", "", "R", 47.244, 37.402, 0, 0, 180],
		[137, "PAD17_1", 446.93, 75, "T", "SMD", "R7_2", "", "R", 47.244, 37.402, 0, 0, 180],
		[138, "PAD18_1", -138.625, 112.4, "T", "SMD", "Q1_1", "", "R", 42.126, 23.622, 0, 0, 180],
		[139, "PAD19_2", -138.625, 37.6, "T", "SMD", "GND", "GND", "R", 42.126, 23.622, 0, 0, 180],
		[140, "PAD20_3", -41.375, 75, "T", "SMD", "Q2_1", "", "R", 42.126, 23.622, 0, 0, 180],
		[141, "PAD21_1", 162.4, 123.625, "T", "SMD", "Q2_1", "", "R", 42.126, 23.622, 0, 0, 90],
		[142, "PAD22_2", 87.6, 123.625, "T", "SMD", "RAW", "", "R", 42.126, 23.622, 0, 0, 90],
		[143, "PAD23_3", 125, 26.375, "T", "SMD", "VCC", "", "R", 42.126, 23.622, 0, 0, 90],
		[144, "PAD24_1", -51.375, 232.6, "T", "SMD", "Q3_1", "", "R", 42.126, 23.622, 0, 0, 0],
		[145, "PAD25_2", -51.375, 307.4, "T", "SMD", "Q3_2", "", "R", 42.126, 23.622, 0, 0, 0],
		[146, "PAD26_3", -148.625, 270, "T", "SMD", "R5_1", "", "R", 42.126, 23.622, 0, 0, 0],
		[147, "PAD27_2", 410.935, -477.721, "T", "SMD", "GND", "GND", "R", 31.751, 34.016, 0, 0, 230],
		[148, "PAD28_1", 449.065, -432.279, "T", "SMD", "BTN_IN", "", "R", 31.751, 34.016, 0, 0, 230],
		[149, "PAD29_2", -445.9348, -437.7208, "T", "SMD", "GND", "GND", "R", 31.751, 34.016, 0, 0, 310],
		[150, "PAD30_1", -484.0652, -392.2792, "T", "SMD", "PULSE_IN", "", "R", 31.751, 34.016, 0, 0, 310],
		[151, "PAD31_2", -379.0652, -497.2792, "T", "SMD", "GND", "GND", "R", 31.751, 34.016, 0, 0, 130],
		[152, "PAD32_1", -340.9348, -542.7208, "T", "SMD", "U6_2", "", "R", 31.751, 34.016, 0, 0, 130],
		[153, "PAD33_2", 337.279, -720.935, "T", "SMD", "GND", "GND", "R", 31.751, 34.016, 0, 0, 140],
		[154, "PAD34_1", 382.721, -759.065, "T", "SMD", "U5_2", "", "R", 31.751, 34.016, 0, 0, 140],
		[155, "PAD35_2", 69.9999, 299.66, "T", "SMD", "RAW", "", "R", 31.751, 34.016, 0, 0, 90],
		[156, "PAD36_1", 70.0001, 240.34, "T", "SMD", "R5_1", "", "R", 31.751, 34.016, 0, 0, 90],
		[157, "PAD37_2", 175.0001, 240.34, "T", "SMD", "Q2_1", "", "R", 31.751, 34.016, 0, 0, 270],
		[158, "PAD38_1", 174.9999, 299.66, "T", "SMD", "RAW", "", "R", 31.751, 34.016, 0, 0, 270],
		[159, "PAD39_2", 419.66, 195.0001, "T", "SMD", "R7_2", "", "R", 31.751, 34.016, 0, 0, 0],
		[160, "PAD40_1", 360.34, 194.9999, "T", "SMD", "Q3_1", "", "R", 31.751, 34.016, 0, 0, 0],
		[161, "PAD41_2", 424.66, 425.0001, "T", "SMD", "Q3_2", "", "R", 31.751, 34.016, 0, 0, 0],
		[162, "PAD42_1", 365.34, 424.9999, "T", "SMD", "GND", "GND", "R", 31.751, 34.016, 0, 0, 0],
		[163, "PAD43_2", -10.34, 450.0001, "T", "SMD", "Q3_2", "", "R", 31.751, 34.016, 0, 0, 0],
		[164, "PAD44_1", -69.66, 449.9999, "T", "SMD", "R9_1", "", "R", 31.751, 34.016, 0, 0, 0],
		[165, "PAD45_2", -404.9999, 300.34, "T", "SMD", "Q1_1", "", "R", 31.751, 34.016, 0, 0, 270],
		[166, "PAD46_1", -405.0001, 359.66, "T", "SMD", "GND", "GND", "R", 31.751, 34.016, 0, 0, 270],
		[167, "PAD47_2", -240.34, -49.9999, "T", "SMD", "Q1_1", "", "R", 31.751, 34.016, 0, 0, 0],
		[168, "PAD48_1", -299.66, -50.0001, "T", "SMD", "R11_1", "", "R", 31.751, 34.016, 0, 0, 0],
		[169, "PAD49_2", 639.765, 120.08, "T", "DIP", "RAW", "", "C", 70.866, 70.866, 47.244, 47.244, 90],
		[170, "PAD49_2", 639.765, 120.08, "B", "DIP", "RAW", "", "C", 70.866, 70.866, 47.244, 47.244, 90],
		[171, "PAD50_4", 816.925, 120.08, "T", "DIP", "RAW_BTN", "", "C", 70.866, 70.866, 47.244, 47.244, 90],
		[172, "PAD50_4", 816.925, 120.08, "B", "DIP", "RAW_BTN", "", "C", 70.866, 70.866, 47.244, 47.244, 90],
		[173, "PAD51_1", -563.5, -210, "T", "SMD", "RAW", "", "O", 22.378, 76.78, 0, 0, 90],
		[174, "PAD52_4", -563.5, -60, "T", "SMD", "PWR_PULSE", "", "O", 22.378, 76.78, 0, 0, 90],
		[175, "PAD53_8", -776.5, -210, "T", "SMD", "GND", "GND", "O", 22.378, 76.78, 0, 0, 90],
		[176, "PAD54_6", -776.5, -110, "T", "SMD", "UDPI_412", "", "O", 22.378, 76.78, 0, 0, 90],
		[177, "PAD55_1", 240, -445, "T", "DIP", "VCC", "", "C", 59.055, 59.055, 39.37, 39.37, 270],
		[178, "PAD55_1", 240, -445, "B", "DIP", "VCC", "", "C", 59.055, 59.055, 39.37, 39.37, 270],
		[179, "PAD56_2", 145, -445, "T", "DIP", "GND", "GND", "C", 59.055, 59.055, 39.37, 39.37, 270],
		[180, "PAD56_2", 145, -445, "B", "DIP", "GND", "GND", "C", 59.055, 59.055, 39.37, 39.37, 270],
		[181, "PAD57_3", 45.28, -445, "T", "DIP", "SCL", "", "C", 59.055, 59.055, 39.37, 39.37, 270],
		[182, "PAD57_3", 45.28, -445, "B", "DIP", "SCL", "", "C", 59.055, 59.055, 39.37, 39.37, 270],
		[183, "PAD58_4", -53.15, -445, "T", "DIP", "SDA", "", "C", 59.055, 59.055, 39.37, 39.37, 270],
		[184, "PAD58_4", -53.15, -445, "B", "DIP", "SDA", "", "C", 59.055, 59.055, 39.37, 39.37, 270],
		[185, "PAD59_4", 150, 640, "T", "DIP", "SCL", "", "O", 118.11, 70, 39.37, 39.37, 90],
		[186, "PAD59_4", 150, 640, "B", "DIP", "SCL", "", "O", 118.11, 70, 39.37, 39.37, 90],
		[187, "PAD60_3", 50, 640, "T", "DIP", "SDA", "", "O", 118.11, 70, 39.37, 39.37, 90],
		[188, "PAD60_3", 50, 640, "B", "DIP", "SDA", "", "O", 118.11, 70, 39.37, 39.37, 90],
		[189, "PAD61_2", -50, 640, "T", "DIP", "VCC", "", "O", 118.11, 70, 39.37, 39.37, 90],
		[190, "PAD61_2", -50, 640, "B", "DIP", "VCC", "", "O", 118.11, 70, 39.37, 39.37, 90],
		[191, "PAD62_1", -150, 640, "T", "DIP", "GND", "GND", "O", 118.11, 70, 39.37, 39.37, 90],
		[192, "PAD62_1", -150, 640, "B", "DIP", "GND", "GND", "O", 118.11, 70, 39.37, 39.37, 90],
		[193, "PAD63_1", -560.978, 55, "T", "SMD", "VCC", "", "O", 22.598, 80.236, 0, 0, 90],
		[194, "PAD64_2", -560.978, 105, "T", "SMD", "BTN_IN", "", "O", 22.598, 80.236, 0, 0, 90],
		[195, "PAD65_3", -560.978, 155, "T", "SMD", "PULSE_IN", "", "O", 22.598, 80.236, 0, 0, 90],
		[196, "PAD66_4", -560.978, 205, "T", "SMD", "PWR_CTL", "", "O", 22.598, 80.236, 0, 0, 90],
		[197, "PAD67_5", -560.978, 255, "T", "SMD", "U4_5", "", "O", 22.598, 80.236, 0, 0, 90],
		[198, "PAD68_14", -779.018, 55, "T", "SMD", "GND", "GND", "O", 22.598, 80.236, 0, 0, 90],
		[199, "PAD69_10", -779.018, 255, "T", "SMD", "UDPI_1614", "", "O", 22.598, 80.236, 0, 0, 90],
		[200, "PAD70_9", -779.018, 305, "T", "SMD", "SCL", "", "O", 22.598, 80.236, 0, 0, 90],
		[201, "PAD71_8", -779.018, 355, "T", "SMD", "SDA", "", "O", 22.598, 80.236, 0, 0, 90],
		[202, "PAD72_4", 656.561, -331.895, "T", "SMD", "VCC", "", "R", 70.866, 98.425, 0, 0, 320],
		[203, "PAD73_3", 733.165, -396.174, "T", "SMD", "BTN_IN", "", "R", 70.866, 98.425, 0, 0, 320],
		[204, "PAD74_2", 485.165, -691.729, "T", "SMD", "U5_2", "", "R", 70.866, 98.425, 0, 0, 320],
		[205, "PAD75_1", 408.561, -627.451, "T", "SMD", "RAW_BTN", "", "R", 70.866, 98.425, 0, 0, 320],
		[206, "PAD76_4", -732.3007, -394.364, "T", "SMD", "VCC", "", "R", 70.866, 98.425, 0, 0, 40],
		[207, "PAD77_3", -655.6961, -330.0857, "T", "SMD", "PULSE_IN", "", "R", 70.866, 98.425, 0, 0, 40],
		[208, "PAD78_2", -407.696, -625.6406, "T", "SMD", "U6_2", "", "R", 70.866, 98.425, 0, 0, 40],
		[209, "PAD79_1", -484.2996, -689.9191, "T", "SMD", "PWR_PULSE", "", "R", 70.866, 98.425, 0, 0, 40],
		[210, "PAD80_1", 37.248, -860, "T", "SMD", "GND", "GND", "R", 59.055, 59.055, 0, 0, 180],
		[211, "PAD81_2", -57.242, -860, "T", "SMD", "U4_5", "", "R", 59.055, 59.055, 0, 0, 180]
	]
}
}